보호소코드,보호소명,시도코드,시도명,시군구코드,시군구명,주소,lat,lon
311322200900001,한국동물구조관리협회,6110000,서울특별시,3220000,강남구,경기도 양주시 남면 감악산로 63-37 (남면) ,37.8701154520745,126.983544528402
311324201700002,강동리본센터(reborn),6110000,서울특별시,3240000,강동구,서울특별시 강동구 양재대로81길 73 (성내동) ,37.523867363563,127.130266066129
311324201200001,한국동물구조관리협회,6110000,서울특별시,3240000,강동구,경기도 양주시 남면 감악산로 63-37 (남면) ,37.8701154520745,126.983544528402
311308201100001,한국동물구조관리협회,6110000,서울특별시,3080000,강북구,경기도 양주시 남면 감악산로 63-37 (남면) ,37.8701154520745,126.983544528402
311315200900001,한국동물구조관리협회,6110000,서울특별시,3150000,강서구,경기도 양주시 남면 감악산로 63-37 (남면) ,37.8701154520745,126.983544528402
311320202100002,강현림동물병원,6110000,서울특별시,3200000,관악구,서울특별시 양천구 등촌로 160 (목동) 1층,37.5440383235958,126.862420988508
311320202400001,디아크 동물종합병원,6110000,서울특별시,3200000,관악구,서울특별시 동작구 장승배기로27길 18 (노량진동) 1층,37.5116890183844,126.939042544418
311304200900003,한국동물구조관리협회,6110000,서울특별시,3040000,광진구,경기도 양주시 남면 감악산로 63-37 (남면) ,37.8701154520745,126.983544528402
311316201100001,한국동물구조관리협회,6110000,서울특별시,3160000,구로구,경기도 양주시 남면 감악산로 63-37 (남면) ,37.8701154520745,126.983544528402
311317201400001,한국동물구조관리협회,6110000,서울특별시,3170000,금천구,경기도 양주시 남면 감악산로 63-37 (남면) ,37.8701154520745,126.983544528402
311310201000001,한국동물구조관리협회,6110000,서울특별시,3100000,노원구,경기도 양주시 남면 감악산로 63-37 (남면) ,37.8701154520745,126.983544528402
311309200900001,한국동물구조관리협회,6110000,서울특별시,3090000,도봉구,경기도 양주시 남면 감악산로 63-37 (남면) ,37.8701154520745,126.983544528402
311305201300001,한국동물구조관리협회,6110000,서울특별시,3050000,동대문구,경기도 양주시 남면 감악산로 63-37 (남면) ,37.8701154520745,126.983544528402
311305202100001,동대문구청,6110000,서울특별시,3050000,동대문구,서울특별시 동대문구 천호대로 145 (용두동) ,37.5743917161622,127.039896580148
311319201200001,디아크동물종합병원,6110000,서울특별시,3190000,동작구,서울특별시 동작구 장승배기로27길 18 (노량진동) ,37.5116890183844,126.939042544418
311313201000017,홍익동물병원,6110000,서울특별시,3130000,마포구,서울특별시 마포구 독막로 45 (합정동) ,37.5481002592998,126.918397803393
311312201100001,한국동물구조관리협회,6110000,서울특별시,3120000,서대문구,경기도 양주시 남면 감악산로 63-37 (남면) ,37.8701154520745,126.983544528402
311312202400001,내품애센터,6110000,서울특별시,3120000,서대문구,서울특별시 서대문구 모래내로 333 (홍은동) ,37.580408969971,126.933766623724
311321201800002,서초동물사랑센터,6110000,서울특별시,3210000,서초구,"서울특별시 서초구 양재천로19길 22 (양재동, 숨빌딩) 서초동물사랑센터",37.4763643373826,127.038146339543
311321201400004,한국동물구조관리협회,6110000,서울특별시,3210000,서초구,경기도 양주시 남면 감악산로 63-37 (남면) ,37.8701154520745,126.983544528402
311303200900001,한국동물구조관리협회,6110000,서울특별시,3030000,성동구,경기도 양주시 남면 감악산로 63-37 (남면) ,37.8701154520745,126.983544528402
311307200900001,한국동물구조관리협회,6110000,서울특별시,3070000,성북구,경기도 양주시 남면 감악산로 63-37 (남면) ,37.8701154520745,126.983544528402
311323201100001,한국동물구조관리협회,6110000,서울특별시,3230000,송파구,경기도 양주시 남면 감악산로 63-37 (남면) ,37.8701154520745,126.983544528402
311314201000001,강현림동물병원,6110000,서울특별시,3140000,양천구,서울특별시 양천구 등촌로 160 (목동) 1층,37.5440383235958,126.862420988508
311318201200001,한국동물구조관리협회,6110000,서울특별시,3180000,영등포구,경기도 양주시 남면 감악산로 63-37 (남면) ,37.8701154520745,126.983544528402
311302201000006,열린동물병원,6110000,서울특별시,3020000,용산구,서울특별시 용산구 원효로2가 84-10,37.5356255764364,126.961753119855
311302201000020,남산동물병원,6110000,서울특별시,3020000,용산구,서울특별시 용산구 후암로 51 (후암동) 1층,37.5504361058196,126.976999734084
311302201000019,금강동물병원,6110000,서울특별시,3020000,용산구,대구광역시 수성구 동원로 150 (만촌동) 금강동물병원,35.87165132832,128.635875025911
311311201100001,한국동물구조관리협회,6110000,서울특별시,3110000,은평구,경기도 양주시 남면 감악산로 63-37 (남면) ,37.8701154520745,126.983544528402
311300201300001,한국동물구조관리협회,6110000,서울특별시,3000000,종로구,경기도 양주시 남면 감악산로 63-37 (남면) ,37.8701154520745,126.983544528402
311301201000001,한국동물구조관리협회,6110000,서울특별시,3010000,중구,경기도 양주시 남면 감악산로 63-37 (남면) ,37.8701154520745,126.983544528402
311306201300001,한국동물구조관리협회,6110000,서울특별시,3060000,중랑구,경기도 양주시 남면 감악산로 63-37 (남면) ,37.8701154520745,126.983544528402
326336202200001,(사)하얀비둘기,6260000,부산광역시,3360000,강서구,부산광역시 강서구 제도로 726 (강동동) ,35.1774990778135,128.917023293288
326335201700001,동부동물보호협회,6260000,부산광역시,3350000,금정구,부산광역시 해운대구 송정2로13번길 46 (송정동) ,35.1948089522106,129.206317600008
326340201100001,사단법인 동부,6260000,부산광역시,3400000,기장군,부산광역시 해운대구 송정2로13번길 46 (송정동) ,35.1948089522106,129.206317600008
326331201100001,(사)동부동물보호협회,6260000,부산광역시,3310000,남구,부산광역시 해운대구 송정2로13번길 46 (송정동) ,35.1948089522106,129.206317600008
326327202400001,동구종합동물병원,6260000,부산광역시,3270000,동구,부산광역시 동구 망양로 835-1 (수정동) ,35.1360756400185,129.045680926183
326330202400001,(사)동부동물보호협회,6260000,부산광역시,3300000,동래구,부산광역시 해운대구 송정2로13번길 46 (송정동) ,35.1948089522106,129.206317600008
326329201700001,동물보호관리협회,6260000,부산광역시,3290000,부산진구,부산광역시 강서구 가락대로1283번길 25-2 (봉림동) ,35.1789240645319,128.899759463775
326332201000001,부산동물보호센터,6260000,부산광역시,3320000,북구,부산광역시 강서구 맥도강변길 752-15 (대저2동) ,35.1514432819343,128.939632892873
326339201300001,(사)하얀비둘기,6260000,부산광역시,3390000,사상구,부산광역시 강서구 제도로 726 (강동동) ,35.1774990778135,128.917023293288
326334202100001,(사)하얀비둘기,6260000,부산광역시,3340000,사하구,부산광역시 강서구 제도로 726 (강동동) ,35.1774990778135,128.917023293288
326326201000001,부산동물보호센터,6260000,부산광역시,3260000,서구,부산광역시 강서구 맥도강변길 752-15 (대저2동) ,35.1514432819343,128.939632892873
326338201300001,(사)동부동물보호협회,6260000,부산광역시,3380000,수영구,부산광역시 해운대구 송정2로13번길 46 (송정동) ,35.1948089522106,129.206317600008
326337201300001,청조동물병원,6260000,부산광역시,3370000,연제구,부산광역시 연제구 온천천남로 4 (연산동) ,35.1929618939706,129.091272343348
326328202400002,부산동물보호센터,6260000,부산광역시,3280000,영도구,부산광역시 강서구 맥도강변길 752-15 (대저2동) ,35.1514432819343,128.939632892873
326325201300001,부산동물보호센터,6260000,부산광역시,3250000,중구,부산광역시 강서구 맥도강변길 752-15 (대저2동) ,35.1514432819343,128.939632892873
326333201100001,동부유기동물보호협회,6260000,부산광역시,3330000,해운대구,부산광역시 해운대구 송정2로13번길 46 (송정동) ,35.1948089522106,129.206317600008
327514202400001,군위종합동물병원,6270000,대구광역시,5141000,군위군,대구광역시 군위군 군위읍 군청로 49-18  ,36.2285569002215,128.567523916715
327344201600001,대구유기동물보호협회,6270000,대구광역시,3440000,남구,대구광역시 동구 금강로 151-13 (금강동) ,35.8638745449304,128.735959090291
327347201400001,대구유기동물보호협회,6270000,대구광역시,3470000,달서구,대구광역시 동구 금강로 151-13 (금강동) ,35.8638745449304,128.735959090291
327348201500004,화원연합동물병원,6270000,대구광역시,3480000,달성군,대구광역시 달성군 화원읍 사문진로 447 (화원읍) 화원읍 관할,35.8037340788064,128.497431953531
327348201500002,현풍동물병원,6270000,대구광역시,3480000,달성군,대구광역시 달성군 유가읍 테크노공원로 51 (유가읍) ,35.6919653352308,128.458799728463
327348201700001,동인동물병원,6270000,대구광역시,3480000,달성군,대구광역시 중구 동인동4가 국채보상로 724 (동인동4가) 가창면 관할,35.8683922291418,128.609680398363
327348201700003,119동물병원,6270000,대구광역시,3480000,달성군,대구광역시 달성군 다사읍 달구벌대로 893 (다사읍) ,35.8571606713476,128.466543502044
327342201400001,대구유기동물보호센터,6270000,대구광역시,3420000,동구,대구광역시 동구 금강로 151-13 (금강동) ,35.8638745449304,128.735959090291
327345201400001,대구유기동물보호협회,6270000,대구광역시,3450000,북구,대구광역시 동구 금강로 151-13 (금강동) ,35.8638745449304,128.735959090291
327343201500001,대구시수의사회(삼성),6270000,대구광역시,3430000,서구,대구광역시 서구 서대구로 24 (내당동) ,,
327343201500003,대구시수의사회(보경),6270000,대구광역시,3430000,서구,대구광역시 서구 달서로 165 (비산동) ,35.8770304827757,128.570999823307
327343201900001,대구시수의사회(더펫),6270000,대구광역시,3430000,서구,대구광역시 서구 서대구로 361 (비산동) 2층,35.8890957186074,128.560710532124
327346201500009,제니스동물병원,6270000,대구광역시,3460000,수성구,대구광역시 수성구 달구벌대로 2475 (범어동) ,35.8591170575597,128.633410503173
327346201500011,신세계동물병원,6270000,대구광역시,3460000,수성구,대구광역시 수성구 수성동1가 명덕로 393 (수성동1가) ,35.8547450264098,128.613196426959
327346201800001,허동물병원,6270000,대구광역시,3460000,수성구,대구광역시 수성구 수성동2가 명덕로 421 (수성동2가) 허동물병원,35.8546401358659,128.616326904106
327346201800002,금강동물병원,6270000,대구광역시,3460000,수성구,대구광역시 수성구 동원로 150 (만촌동) 금강동물병원,35.87165132832,128.635875025911
327346202300001,멘토동물병원,6270000,대구광역시,3460000,수성구,대구광역시 수성구 용학로 294 (범물동) 2층,35.8215580140586,128.640568075867
327341201200001,대구시수의사회(동인),6270000,대구광역시,3410000,중구,대구광역시 중구 동인동4가 국채보상로 724 ,35.8683922291418,128.609680398363
328357202400001,디디동물병원,6280000,인천광역시,3570000,강화군,인천광역시 강화군 강화읍 강화대로 254-1  ,37.7411831758493,126.50121426399
328355200900001,신영재동물병원,6280000,인천광역시,3550000,계양구,인천광역시 계양구 장제로 923 (병방동) ,37.5488589482823,126.741378637695
328353200900001,인천광역시수의사회,6280000,인천광역시,3530000,남동구,"인천광역시 계양구 다남로165번길 56 (다남동, 유기동물보호소) ",37.5662390792896,126.719642460595
328350202100001,경동동물병원,6280000,인천광역시,3500000,동구,인천광역시 중구 개항로 68 (경동) 경동동물병원,37.4719556140552,126.629944564589
328351200900001,인천광역시수의사회,6280000,인천광역시,3510500,미추홀구,"인천광역시 계양구 다남로165번길 56 (다남동, 유기동물보호소) ",37.5662390792896,126.719642460595
328354201700002,늘푸른동물병원,6280000,인천광역시,3540000,부평구,인천광역시 부평구 후정동로 60 (삼산동) ,37.5226925112497,126.738511596495
328354201700003,삼산종합동물병원,6280000,인천광역시,3540000,부평구,인천광역시 부평구 체육관로 40 (삼산동) ,37.5082394122578,126.736140512277
328354202000001,조재진동물병원,6280000,인천광역시,3540000,부평구,인천광역시 부평구 원적로 419 (산곡동) ,37.5039144444108,126.713041340237
328356201000001,가정동물병원,6280000,인천광역시,3560000,서구,인천광역시 서구 가정로 346 (가정동) ,37.515665547475,126.673021936709
328356201600005,우리동물병원,6280000,인천광역시,3560000,서구,인천광역시 서구 서곶로 349 (연희동) 우리동물병원,37.5488884180125,126.676699056826
328352201400001,인천광역시수의사회,6280000,인천광역시,3520000,연수구,"인천광역시 계양구 다남로165번길 56 (다남동, 유기동물보호소) ",37.5662390792896,126.719642460595
328358201000001,인천수의사회유기동물,6280000,인천광역시,3580000,옹진군,인천광역시 계양구 다남로165번길 56 (다남동) 인천수의사회유기동물보호소,37.5662390792896,126.719642460595
328349201000001,경동동물병원,6280000,인천광역시,3490000,중구,인천광역시 중구 개항로 68 (경동) 경동동물병원,37.4719556140552,126.629944564589
328349201500001,신공항동물병원,6280000,인천광역시,3490000,중구,인천광역시 중구 운남동로3번길 9 (운남동) ,37.488680062675,126.533313606551
329363201300001,광주동물보호센터,6290000,광주광역시,3630000,광산구,광주광역시 북구 본촌마을길 25-1 (본촌동) 광주동물보호센터,35.2227091212054,126.882140474253
329629202500001,광주동물보호센터,6290000,광주광역시,6299998,광주광역시,광주광역시 북구 본촌마을길 25-1 (본촌동) 광주동물보호센터,35.2227091212054,126.882140474253
329361201300001,광주동물보호센터,6290000,광주광역시,3610000,남구,광주광역시 북구 본촌마을길 25-1 (본촌동) 광주동물보호센터,35.2227091212054,126.882140474253
329361202300001,늘푸른동물병원,6290000,광주광역시,3610000,남구,인천광역시 부평구 후정동로 60 (삼산동) ,37.5226925112497,126.738511596495
329359201300001,광주동물보호센터,6290000,광주광역시,3590000,동구,광주광역시 북구 본촌마을길 25-1 (본촌동) 광주동물보호센터,35.2227091212054,126.882140474253
329359201700004,신세계동물병원,6290000,광주광역시,3590000,동구,대구광역시 수성구 수성동1가 명덕로 393 (수성동1가) ,35.8547450264098,128.613196426959
329362201300001,광주동물보호센터,6290000,광주광역시,3620000,북구,광주광역시 북구 본촌마을길 25-1 (본촌동) 광주동물보호센터,35.2227091212054,126.882140474253
329360201300001,광주동물보호센터,6290000,광주광역시,3600000,서구,광주광역시 북구 본촌마을길 25-1 (본촌동) 광주동물보호센터,35.2227091212054,126.882140474253
369569202000001,세종유기동물보호센터,5690000,세종특별자치시,5690000,세종특별자치시,세종특별자치시  전동면 미륵당1길 188 (전동면) ,36.6730329753381,127.221377295742
330368202000001,대전동물보호센터,6300000,대전광역시,3680000,대덕구,대전광역시 유성구 금남구즉로 1234 (금고동) 대전광역시 동물보호센터,36.4587718562076,127.382830214701
330364202000001,대전동물보호센터,6300000,대전광역시,3640000,동구,대전광역시 유성구 금남구즉로 1234 (금고동) 대전광역시 동물보호센터,36.4587718562076,127.382830214701
330366202000001,대전동물보호센터,6300000,대전광역시,3660000,서구,대전광역시 유성구 금남구즉로 1234 (금고동) 대전광역시 동물보호센터,36.4587718562076,127.382830214701
330367200900001,대전동물보호센터,6300000,대전광역시,3670000,유성구,대전광역시 유성구 금남구즉로 1234 (금고동) 대전광역시 동물보호센터,36.4587718562076,127.382830214701
330365202000001,대전동물보호센터,6300000,대전광역시,3650000,중구,대전광역시 유성구 금남구즉로 1234 (금고동) 대전광역시 동물보호센터,36.4587718562076,127.382830214701
331370200900001,사랑동물병원,6310000,울산광역시,3700000,남구,울산광역시 남구 중앙로 165-1 (신정동) ,35.5358299858073,129.313472466137
331370201200003,울산유기동물보호센터,6310000,울산광역시,3700000,남구,울산광역시 울주군 온양읍 발리 1144,35.3911980202497,129.285705934537
331370201800001,강남동물병원,6310000,울산광역시,3700000,남구,울산광역시 남구 돋질로 232 (달동) 1층,35.54260398607,129.330474509042
331370202000001,주동물병원,6310000,울산광역시,3700000,남구,충청남도 계룡시 계룡대로 245 (금암동) 1층,36.2685770881123,127.259442590098
331370202500001,산타클라라동물병원,6310000,울산광역시,3700000,남구,울산광역시 중구 다운로 1 (다운동) ,35.5558091328406,129.275370127711
331371201200001,울산유기동물보호센터,6310000,울산광역시,3710000,동구,울산광역시 울주군 온양읍 발리 1144,35.3911980202497,129.285705934537
331371202400001,산타클라라동물병원,6310000,울산광역시,3710000,동구,울산광역시 중구 다운로 1 (다운동) ,35.5558091328406,129.275370127711
331372201200001,울산유기동물보호센터,6310000,울산광역시,3720000,북구,울산광역시 울주군 온양읍 발리 1144,35.3911980202497,129.285705934537
331372202500001,산타클라라동물병원,6310000,울산광역시,3720000,북구,울산광역시 중구 다운로 1 (다운동) ,35.5558091328406,129.275370127711
331373201200002,울산유기동물보호센터,6310000,울산광역시,3730000,울주군,울산광역시 울주군 온양읍 발리 1144,35.3911980202497,129.285705934537
331369201400003,울산유기동물보호센터,6310000,울산광역시,3690000,중구,울산광역시 울주군 온양읍 발리 1144,35.3911980202497,129.285705934537
331369201900001,산타클라라동물병원,6310000,울산광역시,3690000,중구,울산광역시 중구 다운로 1 (다운동) ,35.5558091328406,129.275370127711
341416200900001,가평군유기동물보호소,6410000,경기도,4160000,가평군,"경기도 가평군 가평읍 아랫마장길 59 (가평읍, 농업기술센터) 가평 유기동물 보호소(10:00~18:00)",37.8460044778178,127.498685641748
341394201400001,고양시동물보호센터,6410000,경기도,3940000,고양시,"경기도 고양시 덕양구 고양대로 1695 (원흥동, 고양시 농업기술센터) 고양시동물보호센터",37.649777903709,126.870086007514
341397202100001,한국야생동물보호협회,6410000,경기도,3970000,과천시,경기도 안산시 상록구 청곡길 50 (부곡동) 안산시 상록구 부곡동 231-5,37.3402554005678,126.870006367603
341390201300001,한국야생동물보호협회,6410000,경기도,3900000,광명시,경기도 안산시 상록구 청곡길 50 (부곡동) 안산시 상록구 부곡동 231-5,37.3402554005678,126.870006367603
341390202100002,광명반함센터,6410000,경기도,3900000,광명시,경기도 광명시 오리로854번길 10 (철산동) 지하1층,37.4743690340131,126.868466672165
341554201900001,광주TNR동물병원초월,6410000,경기도,5540000,광주시,경기도 광주시 초월읍 현산로385번길 74-12 (초월읍) ,37.4158957771189,127.276164312693
341398200900001,한국동물구조관리협회,6410000,경기도,3980000,구리시,경기도 양주시 남면 감악산로 63-37 (남면) ,37.8701154520745,126.983544528402
341402202100001,한국야생동물보호협회,6410000,경기도,4020000,군포시,경기도 안산시 상록구 청곡길 50 (부곡동) 안산시 상록구 부곡동 231-5,37.3402554005678,126.870006367603
341409201400001,한국동물구조관리협회,6410000,경기도,4090000,김포시,경기도 양주시 남면 감악산로 63-37 (남면) ,37.8701154520745,126.983544528402
341399201900001,동인동물병원,6410000,경기도,3990000,남양주시,대구광역시 중구 동인동4가 국채보상로 724 (동인동4가) 가창면 관할,35.8683922291418,128.609680398363
341399202200002,남양주시동물보호센터,6410000,경기도,3990000,남양주시,경기도 남양주시 경강로163번길 32-27 (이패동) ,37.6087868152795,127.191523402258
341392201300001,한국동물구조관리협회,6410000,경기도,3920000,동두천시,경기도 양주시 남면 감악산로 63-37 (남면) ,37.8701154520745,126.983544528402
341386200900001,24시아이동물메디컬,6410000,경기도,3860000,부천시,경기도 부천시 오정구 소사로 779 (원종동) 201호,37.5256433735672,126.804555880183
341386201500001,부천시수의사회,6410000,경기도,3860000,부천시,경기도 부천시 원미구 중동로 100 (중동) 아이파크 상가동 213호,37.4886508109389,126.765823158016
341386201800001,가나동물병원,6410000,경기도,3860000,부천시,경기도 부천시 소사구 경인로 72 (송내동) ,37.4835450368759,126.763180381305
341386201800004,정샘동물병원,6410000,경기도,3860000,부천시,"경기도 부천시 원미구 중동로 244 (중동, 상록센트럴타워) 109,110호",,
341378201300002,펫앤쉘터동물병원,6410000,경기도,3780000,성남시,"경기도 성남시 분당구 불정로 266 (수내동, 유신제일조합) ",37.3670961152988,127.127681544556
341378201500001,우리동물병원,6410000,경기도,3780000,성남시,인천광역시 서구 서곶로 349 (연희동) 우리동물병원,37.5488884180125,126.676699056826
341374202000001,수원시 동물보호센터,6410000,경기도,3740000,수원시,"경기도 수원시 영통구 광교호수로 234 (하동, 수원시 동물보호센터) 하동 40-10",37.285018306654,127.078687874879
341401202200001,시흥동물누리보호센터,6410000,경기도,4010000,시흥시,경기도 시흥시 뒷방울길 218 (정왕동) ,37.3739688541248,126.74254229678
341393200900001,한국야생동물보호협회,6410000,경기도,3930000,안산시,경기도 안산시 상록구 청곡길 50 (부곡동) 안산시 상록구 부곡동 231-5,37.3402554005678,126.870006367603
341408200900001,이성준동물병원,6410000,경기도,4080000,안성시,경기도 안성시 중앙로 431-1 (봉남동) ,37.0065991701318,127.274798882943
341383201300001,한국야생동물보호협회,6410000,경기도,3830000,안양시,경기도 안산시 상록구 청곡길 50 (부곡동) 안산시 상록구 부곡동 231-5,37.3402554005678,126.870006367603
341559200900001,한국동물구조관리협회,6410000,경기도,5590000,양주시,경기도 양주시 남면 감악산로 63-37 (남면) ,37.8701154520745,126.983544528402
341417201800001,양평군유기동물보호소,6410000,경기도,4170000,양평군,경기도 양평군 양평읍 농업기술센터길 59-1  ,37.5109067193492,127.513312935042
341570201900003,위더스 동물보호센터,6410000,경기도,5700000,여주시,경기도 여주시 여양2로 42 (천송동) ,37.3079364103367,127.67378315304
341414201300001,한국동물구조관리협회,6410000,경기도,4140000,연천군,경기도 양주시 남면 감악산로 63-37 (남면) ,37.8701154520745,126.983544528402
341400200900001,오산 유기동물보호소,6410000,경기도,4000000,오산시,경기도 오산시 성호대로 36 (오산동) ,37.1490859346318,127.065203254744
341405201800001,용인시 동물보호센터,6410000,경기도,4050000,용인시,경기도 용인시 처인구 중부대로 1074-1 (삼가동) 용인시 동물보호센터,37.2430201109266,127.161297125334
341403202100001,한국야생동물보호협회,6410000,경기도,4030000,의왕시,경기도 안산시 상록구 청곡길 50 (부곡동) 안산시 상록구 부곡동 231-5,37.3402554005678,126.870006367603
341382200900001,한국동물구조관리협회,6410000,경기도,3820000,의정부시,경기도 양주시 남면 감악산로 63-37 (남면) ,37.8701154520745,126.983544528402
341407201900001,위더스 동물보호센터,6410000,경기도,4070000,이천시,경기도 여주시 여양2로 42 (천송동) ,37.3079364103367,127.67378315304
341406201300006,행복한동물병원,6410000,경기도,4060000,파주시,전라북도 전주시 덕진구 인후동1가 806-6,35.8348326012878,127.163604285573
341406202200002,한국동물구조관리협회,6410000,경기도,4060000,파주시,경기도 양주시 남면 감악산로 63-37 (남면) ,37.8701154520745,126.983544528402
341391200900001,평택시유기동물보호소,6410000,경기도,3910000,평택시,경기도 평택시 진위면 야막길 108-86 (진위면) ,37.130629704591,127.055420952807
341391201900001,강남동물병원,6410000,경기도,3910000,평택시,울산광역시 남구 돋질로 232 (달동) 1층,35.54260398607,129.330474509042
341560201000002,한국동물구조관리협회,6410000,경기도,5600000,포천시,경기도 양주시 남면 감악산로 63-37 (남면) ,37.8701154520745,126.983544528402
341404202300004,하남동물보호센터,6410000,경기도,4040000,하남시,경기도 하남시 미사동로40번길 75-91 (미사동) ,37.5687555444238,127.207596632505
341404202300001,한국동물구조관리협회,6410000,경기도,4040000,하남시,경기도 양주시 남면 감악산로 63-37 (남면) ,37.8701154520745,126.983544528402
341553201700001,화성동물보호센터,6410000,경기도,5530000,화성시,경기도 화성시 남양읍 화성로 1483-27 (남양읍) ,37.2249499364242,126.843424243234
342420201500001,강릉시 동물사랑센터,6530000,강원특별자치도,4201000,강릉시,강원도 강릉시 성산면 내맬길 172  ,37.6989176119537,128.829265414089
342434202100001,유기견임시보호소,6530000,강원특별자치도,4341000,고성군,강원도 고성군 간성읍 꽃내마루길 53-49  ,38.3488071528433,128.433992427261
342421201000001,동해시동물보호센터,6530000,강원특별자치도,4211000,동해시,"강원도 동해시 대동로 159-13 (송정동, 동해시유기동물보호소) ",37.4850896811024,129.119005942929
342424201300001,삼척시동물보호센터,6530000,강원특별자치도,4241000,삼척시,강원도 삼척시 미로면 동안로 86-45  ,37.4287919493851,129.110189621367
342423201200001,속초시유기동물보호소,6530000,강원특별자치도,4231000,속초시,강원도 속초시 하도문길 103 (대포동) ,38.169210483219,128.598848487269
342432201000001,양구군유기동물보호소,6530000,강원특별자치도,4321000,양구군,강원도 양구군 국토정중앙면 삼팔선로 680  유기동물보호소,38.0507430333626,128.046923819564
342435201000001,양양군유기동물보호소,6530000,강원특별자치도,4351000,양양군,강원도 양양군 손양면 동막골길 115-35  .,38.0204677900493,128.643400779766
342427201400001,영월군 동물보호센터,6530000,강원특별자치도,4271000,영월군,강원특별자치도 영월군 남면 갈골길 12  영월군 동물보호센터,37.2092484716402,128.412820795683
342419200900001,원주시동물보호센터,6530000,강원특별자치도,4191000,원주시,강원특별자치도 원주시 호저면 칠봉로 109-17  ,37.414098117345,127.913482793371
342433201300001,인제군동물보호센터,6530000,강원특별자치도,4331000,인제군,강원특별자치도 인제군 인제읍 덕산로 256-41  ,38.0958921730151,128.189285681251
342429201400001,정선가축병원,6530000,강원특별자치도,4291000,정선군,강원도 정선군 정선읍 정선로 1321 (정선읍) ,37.3794090184417,128.660694985753
342430201900001,철원군,6530000,강원특별자치도,4301000,철원군,강원도 철원군 동송읍 장흥로 311  ,38.2035084242621,127.250188240233
342418201300001,춘천시 동물보호센터,6530000,강원특별자치도,4181000,춘천시,강원도 춘천시 신북읍 영서로 3282 (신북읍) (전)102보충대 주차장,,
342422200900001,태백시유기동물보호소,6530000,강원특별자치도,4221000,태백시,강원도 태백시 문의재로 5 (통동) ,37.1728910079082,129.040792116893
342428200900001,평창군유기동물보호소,6530000,강원특별자치도,4281000,평창군,강원도 평창군 진부면 청송로 61 ,37.6367699646506,128.553375084969
342425201400001,홍천군유기동물보호소,6530000,강원특별자치도,4251000,홍천군,"강원도 홍천군 화촌면 둔덕이길 68 (화촌면, 홍천군유기동물보호센터) ",37.7550909758907,127.947470370679
342431201300001,화천군농업기술센터,6530000,강원특별자치도,4311000,화천군,강원도 화천군 상서면 영서로 6387-9  화천농업기술센터,38.1158550381421,127.681852022572
342426201600001,횡성유기동물보호센터,6530000,강원특별자치도,4261000,횡성군,강원도 원주시 호저면 칠봉로 110-6  ,37.4163163794305,127.912849372564
343446201800002,괴산증평동물보호센터,6430000,충청북도,4460000,괴산군,충청북도 증평군 도안면 입장길 239 (도안면) ,36.8469668986887,127.60823511265
343442202200001,보은군동물보호센터,6430000,충청북도,4420000,보은군,충청북도 보은군 보은읍 뱃들로 47  ,36.4866097530819,127.724868958755
343444200900002,최종주동물병원,6430000,충청북도,4440000,영동군,"충청북도 영동군 영동읍 계산로 54 (영동읍, 최종주동물병원) ",36.1726229043682,127.782334437179
343443201500001,옥천동물병원,6430000,충청북도,4430000,옥천군,"충청북도 옥천군 옥천읍 삼금로 53 (옥천읍, 동물병원) 옥천동물병원",36.3030479416616,127.56877788002
343447202000001,금왕동물병원,6430000,충청북도,4470000,음성군,충청북도 음성군 금왕읍 대금로 1498 (금왕읍) 금왕동물병원,36.9892095941017,127.598483346031
343440201500002,제천시 동물보호센터,6430000,충청북도,4400000,제천시,충청북도 제천시 금성면 적성로8길 51 (금성면) ,37.0845657352092,128.215049889637
343557202300001,가정견훈련소,6430000,충청북도,5570000,증평군,충청북도 증평군 도안면 입장길 239  ,36.8469668986887,127.60823511265
343445202200001,증평 가정견 훈련소,6430000,충청북도,4450000,진천군,충청북도 증평군 도안면 입장길 239  ,36.8469668986887,127.60823511265
343571201600001,반려동물보호센터,6430000,충청북도,5710000,청주시,충청북도 청주시 흥덕구 강내면 서부로 411-55 (강내면) ,36.5903398305205,127.365432257257
343439201700001,충주시동물보호센터,6430000,충청북도,4390000,충주시,충청북도 충주시 중앙탑면 일곱실길 70 (중앙탑면) ,37.0083620808657,127.849752973625
344558202400001,주동물병원,6440000,충청남도,5580000,계룡시,충청남도 계룡시 계룡대로 245 (금암동) 1층,36.2685770881123,127.259442590098
344450202200001,공주시 동물보호센터,6440000,충청남도,4500000,공주시,충청남도 공주시 우성면 내산목천길 52-15  ,36.4923024508166,127.100107722125
344455202100002,하나동물병원,6440000,충청남도,4550000,금산군,전북특별자치도 남원시 왕정동 67 ,35.4101359744718,127.354180169191
344455202300001,제일동물병원,6440000,충청남도,4550000,금산군,충청남도 금산군 금산읍 비단로 59  ,36.0992911717214,127.487189776451
344454202000006,논산시 동물보호센터,6440000,충청남도,4540000,논산시,충청남도 논산시 계백로665번길 100 (등화동) 논산시 동물보호센터,36.1856614487652,127.058576430579
344454202400001,유명동물병원,6440000,충청남도,4540000,논산시,충청남도 논산시 관촉로 288 (취암동) 유명동물병원,36.204461960465,127.090732738157
344568201700001,당진시동물보호소,6440000,충청남도,5680000,당진시,충청남도 당진시 고대면 연동로 30-6 (고대면) ,36.9340405332694,126.596263977381
344451201300001,보령시유기동물보호소,6440000,충청남도,4510000,보령시,충청남도 보령시 녹문3길 7 (내항동) ,36.3325789728546,126.58822381758
344457202000001,남부여동물보호소,6440000,충청남도,4570000,부여군,충청남도 부여군 임천면 위덕로47번길 36-12  (점리),36.2158884829716,126.890921789063
344453202100003,서산시 동물보호센터,6440000,충청남도,4530000,서산시,충청남도 서산시 인지면 무학재1길 99  ,36.7207669005716,126.412717443224
344458201300001,서천군유기동물보호소,6440000,충청남도,4580000,서천군,충청남도 서천군 마산면 한마로 1189-19 ,36.1795262246561,126.772385099617
344452202300001,아산동물복지지원센터,6440000,충청남도,4520000,아산시,충청남도 아산시 환경공원로 158 (배미동) ,36.800581340557,126.977577772787
344461202400001,예산임시동물보호센터,6440000,충청남도,4610000,예산군,충청남도 예산군 예산읍 군청로 22  ,36.6808804528171,126.84484993984
344449202100001,천안시 동물보호센터,6440000,충청남도,4490000,천안시,"충청남도 천안시 동남구 목천읍 충절로 577  문의전화 : 입양(010-5913-5119), 구조(010-4999-6119)",36.7726985229343,127.179949208597
344459202000001,청양보호소,6440000,충청남도,4590000,청양군,충청남도 청양군 대치면 청산로 446-17 (대치면) ,36.471193151445,126.831396756612
344462200900001,최동물병원,6440000,충청남도,4620000,태안군,충청남도 태안군 태안읍 남문리 504-6,,
344462202400001,태안 동물보호소,6440000,충청남도,4620000,태안군,충청남도 태안군 남면 몽대로 249  ,36.6901776518389,126.264998928913
344460201300001,금일동물보호센터,6440000,충청남도,4600000,홍성군,충청남도 홍성군 홍동면 충절로 625 (홍동면) ,36.5789050587768,126.705497627146
345478202200001,더나은동물병원,6540000,전북특별자치도,4781000,고창군,전라북도 고창군 무장면 신촌농장길 98  ,35.4024128406433,126.556496896749
345467201000001,군산유기동물보호센터,6540000,전북특별자치도,4671000,군산시,전라북도 군산시 대야면 보덕안정길 108-20  ,35.9608151297534,126.816308073264
345471201800002,전북말산업복합센터,6540000,전북특별자치도,4711000,김제시,전라북도 김제시 용지면 금백로 571-39 (용지면) 전북말산업복합센터,35.82350506718,126.994989385379
345470200900001,청원동물병원,6540000,전북특별자치도,4701000,남원시,전북특별자치도 남원시 죽항동 278번지,35.4089268136272,127.386641847645
345470201300002,하나동물병원,6540000,전북특별자치도,4701000,남원시,전북특별자치도 남원시 왕정동 67 ,35.4101359744718,127.354180169191
345470202100001,인월동물병원,6540000,전북특별자치도,4701000,남원시,전북특별자치도 남원시 인월면 인월로 64  ,35.4608569335915,127.602152792918
345479202100001,부안군 동물보호센터,6540000,전북특별자치도,4791000,부안군,전북특별자치도 부안군 주산면 주산로 369  부안군 동물보호센터,35.6657688367696,126.735827429552
345477202000001,순창유기동물보호소,6540000,전북특별자치도,4771000,순창군,전라북도 순창군 구림면 삭골길 56-1  ,35.4370692109471,127.041881009015
345472202300001,완주군유기동물보호소,6540000,전북특별자치도,4721000,완주군,전라북도 완주군 용진읍 순지2길 187-6  ,35.9418974216293,127.19032330712
345468201200001,익산유기동물보호소,6540000,전북특별자치도,4681000,익산시,전북특별자치도 익산시 삼기면 황금로 342-17  ,36.0253110093003,126.966521391388
345476202100001,임실유기동물보호센터,6540000,전북특별자치도,4761000,임실군,"전라북도 임실군 오수면 춘향로 1554-95  펫추모공원 입구, 유기동물보호센터",35.5395033324227,127.348557690488
345475202200003,장수군 보호소,6540000,전북특별자치도,4751000,장수군,전라북도 장수군 천천면 승마1로 152  ,35.6980215453151,127.508355214251
345464200900001,프렌즈동물병원,6540000,전북특별자치도,4641000,전주시,전라북도 전주시 완산구 삼천동1가 592-1,35.8000172492241,127.117075412731
345464201200001,행복한동물병원,6540000,전북특별자치도,4641000,전주시,전라북도 전주시 덕진구 인후동1가 806-6,35.8348326012878,127.163604285573
345464201100001,박영재동물병원,6540000,전북특별자치도,4641000,전주시,전라북도 전주시 완산구 전주천서로 111 (서서학동) ,35.8100820530211,127.149182322788
345464201100004,동부동물병원,6540000,전북특별자치도,4641000,전주시,전라북도 전주시 완산구 경원동1가 3-10,,
345464201300003,하나동물병원,6540000,전북특별자치도,4641000,전주시,전북특별자치도 남원시 왕정동 67 ,35.4101359744718,127.354180169191
345464201700001,링크늘푸른동물병원,6540000,전북특별자치도,4641000,전주시,전라북도 전주시 완산구 서원로 225 (중화산동2가) ,35.8127637288629,127.119258623556
345464202200001,효자동물병원,6540000,전북특별자치도,4641000,전주시,전라북도 전주시 완산구 백제대로 121 (효자동1가) ,35.8037774513511,127.123780818515
345464202500001,데이지동물병원,6540000,전북특별자치도,4641000,전주시,전북특별자치도 전주시 완산구 거마평로 170 (효자동1가) 데이지동물병원,35.8077089824022,127.116428937451
345464202500002,패밀리동물병원,6540000,전북특별자치도,4641000,전주시,전북특별자치도 전주시 덕진구 동부대로 877 (호성동1가) 202호,35.8643446850664,127.148598256339
345469202000001,정읍시 동물보호소,6540000,전북특별자치도,4691000,정읍시,전북특별자치도 정읍시 2산단5길 37-1 (하북동) ,35.5913864039867,126.873548626142
345473202300001,진안군유기동물보호소,6540000,전북특별자치도,4731000,진안군,전북특별자치도 진안군 진안읍 예리길 36  .,35.7806889559443,127.464925477123
346492201300001,강진군 유기견 보호소,6460000,전라남도,4920000,강진군,"전라남도 강진군 강진읍 초지길 109-62 (강진읍, 강진군상하수도사업소) ",34.6248114619565,126.777392278753
346488201700001,고흥군임시보호센터,6460000,전라남도,4880000,고흥군,"전라남도 고흥군 포두면 우주로 607 (포두면, 소매점) ",34.5705457867544,127.341010074017
346486201600001,푸른곡성21동물보호소,6460000,전라남도,4860000,곡성군,전라남도 곡성군 곡성읍 군청로 50  보호소 주소 : 전남 곡성군 곡성읍 구원리 888,35.282156311934,127.292655369317
346484201900001,광양시 임시보호소,6460000,전라남도,4840000,광양시,전라남도 광양시 봉강면 인덕로 1169-20 (봉강면) 지곡리 864-24,34.9878921870939,127.576519850225
346487201800001,구례군동물보호센터,6460000,전라남도,4870000,구례군,전라남도 구례군 용방면 용방로 64-11  ,35.2224149873982,127.458782462917
346483202100001,나주유기동물보호센터,6460000,전라남도,4830000,나주시,전라남도 나주시 산포면 내기3길 71-43 [*미고시] ,35.0482035190761,126.781242063347
346485201800001,담양군 동물보호센터,6460000,전라남도,4850000,담양군,전라남도 담양군 용면 시암골로 280-57 (용면) :용면 두장리 21번지,35.3585661744013,127.001573252296
346480201000001,목포시유기동물보호소,6460000,전라남도,4800000,목포시,전라남도 무안군 삼향읍 석매길 36  ,34.8534718790473,126.431496472431
346495202100001,무안군유기동물보호소,6460000,전라남도,4950000,무안군,전라남도 무안군 무안읍 면주길 99  ,35.0178381387981,126.478328892124
346489202000001,보성유기동물보호센터,6460000,전라남도,4890000,보성군,전라남도 보성군 노동면 노동천동길 221  ,34.8298308189004,127.066713881814
346482201600003,순천시유기동물보호소,6460000,전라남도,4820000,순천시,"전라남도 순천시 승주읍 승주로 628 (승주읍, 농업기술센터) 순천시유기동물보호소",35.0158098270116,127.379419767947
346501201700001,신안군유기동물보호소,6460000,전라남도,5010000,신안군,전라남도 무안군 삼향읍 석매길 36  ,34.8534718790473,126.431496472431
346481200900001,유기동물보호소,6460000,전라남도,4810000,여수시,"전라남도 여수시 주동1길 32 (주삼동, 여수시농업기술센터) 여수시 유기동물보호소",34.7881840931889,127.653252437456
346497201300001,영광동물보호센터,6460000,전라남도,4970000,영광군,전라남도 영광군 불갑면 함영로 2755-48  ,35.2051504451599,126.494136968869
346494201700001,유기동물 삼호 보호소,6460000,전라남도,4940000,영암군,전라남도 영암군 삼호읍 녹색로 1117-49 (삼호읍) 영암유기동물 삼호보호소,34.7483215951671,126.485840324947
346499201300001,유기동물임시보호센터,6460000,전라남도,4990000,완도군,전라남도 완도군 신지면 신지로6번길 23-89 (신지면) ,,
346498202000001,장성군동물보호센터,6460000,전라남도,4980000,장성군,전라남도 장성군 삼계면 능성로 382-31  0,,
346500202400002,진도군임시보호소,6460000,전라남도,5000000,진도군,전라남도 진도군 진도읍 성죽골길 30  ,34.4823589977171,126.278564721858
346496201800001,학교임시동물보호센터,6460000,전라남도,4960000,함평군,전라남도 함평군 학교면 송산길 84 (학교면) 월산리 806-1 ,35.0454897300484,126.538986065319
346493200900001,해남유기동물보호센터,6460000,전라남도,4930000,해남군,전라남도 해남군 해남읍 용머리길 14-37  ,34.5648704260927,126.587442254825
347513201800003,경산시유기동물보호소,6470000,경상북도,5130000,경산시,경상북도 경산시 용성면 사양지길 95 (용성면) ,35.7778814877832,128.885555062966
347505201700001,경주동물사랑보호센터,6470000,경상북도,5050000,경주시,경상북도 경주시 천북면 천북로 8-4  경주시 동물사랑보호센터,35.892961072128,129.238426249139
347520202000001,고령군 유기견 보호소,6470000,경상북도,5200000,고령군,경상북도 고령군 운수면 하법길 37 (운수면) ,35.7719276478944,128.300362104437
347508202000001,구미시 동물보호센터,6470000,경상북도,5080000,구미시,경상북도 구미시 옥성면 선상동로 1358  애니멀 케어 센터,36.3400971667635,128.278755922896
347508202200002,강남동물병원,6470000,경상북도,5080000,구미시,울산광역시 남구 돋질로 232 (달동) 1층,35.54260398607,129.330474509042
347508202200001,가나동물병원,6470000,경상북도,5080000,구미시,경기도 부천시 소사구 경인로 72 (송내동) ,37.4835450368759,126.763180381305
347508202200005,신세계동물병원,6470000,경상북도,5080000,구미시,대구광역시 수성구 수성동1가 명덕로 393 (수성동1가) ,35.8547450264098,128.613196426959
347508202300004,사랑동물병원,6470000,경상북도,5080000,구미시,울산광역시 남구 중앙로 165-1 (신정동) ,35.5358299858073,129.313472466137
347508202300005,반려동물 입양센터,6470000,경상북도,5080000,구미시,경상북도 구미시 인동22길 43-4 (진평동) ,36.0943805478645,128.424608489051
347506201300001,김천시 동물보호센터,6470000,경상북도,5060000,김천시,경상북도 김천시 구성면 남김천대로 3296-22  하강리 44(김천시 유기동물보호센터),36.0776166158744,128.099479671276
347512201700001,종합축산,6470000,경상북도,5120000,문경시,경상북도 문경시 중앙로 170 (흥덕동) 종합축산,36.599690001565,128.202511090207
347524201400001,봉화군유기동물보호소,6470000,경상북도,5240000,봉화군,경상북도 봉화군 봉성면 농업인길 24 (봉성면) 봉화군농업기술센터,36.9035600833013,128.771534876394
347511202000001,상주시 동물보호센터,6470000,경상북도,5110000,상주시,경상북도 상주시 사벌국면 상풍로 115-3  ,36.4655665622692,128.180394443972
347521201900002,성주유기동물보호센터,6470000,경상북도,5210000,성주군,경상북도 성주군 선남면 선노로 522 (선남면) ,35.9205970246859,128.394281735706
347507200900001,유기동물보호센터,6470000,경상북도,5070000,안동시,경상북도 안동시 서후면 풍산태사로 3252-29 (서후면) ,36.6360092448281,128.683841057119
347518201000001,영덕유기동물보호센터,6470000,경상북도,5180000,영덕군,경상북도 영덕군 영덕읍 구미2길 14-1 (영덕읍) 영덕군유기동물보호센터,36.435730961106,129.357620075975
347517201400001,영양군유기동물보호소,6470000,경상북도,5170000,영양군,경상북도 영양군 영양읍 달구터길 85  ,36.6878334627444,129.113237103935
347509200900001,영주시 동물보호센터,6470000,경상북도,5090000,영주시,경상북도 영주시 장수면 반구로 143 [*미고시] 영주시동물보호센터,36.7723222176136,128.593958079162
347510201600001,영천유기동물보호센터,6470000,경상북도,5100000,영천시,"경상북도 영천시 천문로 622-13 (오미동, 영천시농업기술센터) ",35.9909189171716,128.92596576163
347523201200001,예천군유기동물보호소,6470000,경상북도,5230000,예천군,"경상북도 예천군 예천읍 충효로 632-84 (예천읍, 유기동물보호소) ",36.6748491207228,128.476248488944
347525202100001,울진군동물보호센터,6470000,경상북도,5250000,울진군,경상북도 울진군 울진읍 대흥신림로 916-37  ,37.0034235851416,129.360656815562
347519202100001,청도군동물보호센터,6470000,경상북도,5190000,청도군,경상북도 청도군 청도읍 중앙로 84-466  동물보호센터,35.635704416505,128.779669525212
347516202000001,점곡동물보호센터,6470000,경상북도,5160000,청송군,경상북도 청송군 현동면 청송로 3128-141  ,36.3037295089989,129.055124905503
347522201400001,칠곡유기동물보호센터,6470000,경상북도,5220000,칠곡군,경상북도 칠곡군 석적읍 포망로 341 (석적읍) ,36.0408917783081,128.441955475992
347502201600001,(사)영일동물플러스,6470000,경상북도,5020000,포항시,경상북도 포항시 북구 흥해읍 덕장길 224 (흥해읍) ,36.1456836112171,129.332619962705
348537200900002,거제시유기동물보호소,6480000,경상남도,5370000,거제시,경상남도 거제시 사등면 두동로1길 109  거제시유기동물보호소,34.8837696084524,128.573671691244
348547202300003,우리동물병원,6480000,경상남도,5470000,거창군,인천광역시 서구 서곶로 349 (연희동) 우리동물병원,37.5488884180125,126.676699056826
348547202300002,나래동물병원,6480000,경상남도,5470000,거창군,경상남도 거창군 거창읍 거창대로 13-2  ,35.6830262920086,127.917603140839
348542202000002,고성군유기동물보호소,6480000,경상남도,5420000,고성군,경상남도 고성군 고성읍 남해안대로 2829-60  고성군농업기술센터 동물보호센터,34.9960144900285,128.325767235879
348535202400001,(사)동물보호관리협회,6480000,경상남도,5350000,김해시,부산광역시 강서구 가락대로1283번길 25-2 (봉림동) ,35.1789240645319,128.899759463775
348543201300001,남해군동물보호센터,6480000,경상남도,5430000,남해군,경상남도 남해군 이동면 남해대로 2449  동물보호센터,34.8176162063771,127.923188821121
348536201800001,밀양시 동물보호센터,6480000,경상남도,5360000,밀양시,경상남도 밀양시 삼랑진읍 천태로 472 (삼랑진읍) ,35.4076850142014,128.879768734865
348534202000001,사천시 동물보호센터,6480000,경상남도,5340000,사천시,경상남도 사천시 용현면 진삼로 902  사천시유기동물보호소,35.0374496106994,128.067333334841
348545201100002,산청동물보호센터,6480000,경상남도,5450000,산청군,경상남도 산청군 산청읍 친환경로 2783-25 (산청읍) ,35.4261506405573,127.881136300072
348538200900001,양산시 동물보호센터,6480000,경상남도,5380000,양산시,경상남도 양산시 동면 양산대로 618  양산시 농업기술센터,35.3239163904708,129.033386393274
348539201900001,의령군 동물보호센터,6480000,경상남도,5390000,의령군,경상남도 의령군 의령읍 남강로 485-75  ,35.296493943201,128.280754464212
348531201000001,진주시동물보호센터,6480000,경상남도,5310000,진주시,"경상남도 진주시 집현면 신당길207번길 22 (집현면, 지역농업개발시설) ",35.2270862171483,128.121872004671
348541201300001,창녕 유기동물보호소,6480000,경상남도,5410000,창녕군,경상남도 창녕군 고암면 창밀로 335-26 (고암면) 고암면 억만리 28,,
348527200900001,창원유기동물보호소,6480000,경상남도,5670000,창원 의창성산구,경상남도 창원시 성산구 공단로474번길 117 (상복동) 동물보호센터,35.1973355970266,128.663355988023
348532200900001,진해유기동물보호소,6480000,경상남도,5320000,창원 진해구,경상남도 창원시 진해구 웅천로 218 (성내동) 도시농업과 부지 내,35.1139990855179,128.75431275907
348533202100001,통영시동물보호센터,6480000,경상남도,5330000,통영시,경상남도 통영시 광도면 전두1길 9-8  ,34.9043781424742,128.40442017813
348544201100001,하동군유기동물보호소,6480000,경상남도,5440000,하동군,경상남도 하동군 적량면 한옥정길 90 (적량면) 유기동물보호소,35.0788475161836,127.769121959736
348540200900001,함안군유기동물보호소,6480000,경상남도,5400000,함안군,경상남도 함안군 가야읍 함안대로 755 ,35.2931103314507,128.398491470922
348546200900001,함양군위탁보호소,6480000,경상남도,5460000,함양군,"경상남도 함양군 함양읍 함양남서로 996-76 (함양읍, 농업기술센터) ",35.5077044454986,127.741571145529
348548201700001,태민동물보호센터,6480000,경상남도,5480000,합천군,"경상남도 합천군 합천읍 옥산로 16 (합천읍, 까치빌라) 태민동물병원",35.5687543239657,128.1566733525
350650201200001,제주 동물보호센터,6500000,제주특별자치도,6500000,제주특별자치도,제주특별자치도 제주시 첨단동길 184-14 (용강동) ,33.4555329048921,126.589213080931
